<?xml version="1.0" encoding="UTF-8" ?>
<!DOCTYPE configuration
        PUBLIC "-//mybatis.org//DTD Config 3.0//EN"
        "http://mybatis.org/dtd/mybatis-3-config.dtd">
<configuration>


    <settings>
        <!-- 显示日志信息 -->
        <setting name="logImpl" value="LOG4J"/>
    </settings>

    <typeAliases>
        <!-- 设置别名 -->
        <package name="com.bdqn.entity"/>
    </typeAliases>

    <!-- 引入 pageHelper插件 -->
    <!--注意这里要写成PageInterceptor, 5.0之前的版本都是写PageHelper, 5.0之后要换成PageInterceptor-->

    <plugins>
        <plugin interceptor="com.github.pagehelper.PageInterceptor">
            <!--reasonable：分页合理化参数，默认值为false。
                当该参数设置为 true 时，pageNum<=0 时会查询第一页，
                pageNum>pages（超过总数时），会查询最后一页。
                默认false 时，直接根据参数进行查询。-->
            <property name="reasonable" value="true"/>
        </plugin>
    </plugins>



</configuration>